strategy,input_m,input_n,input_k,dtype,decision_us,is_fastest
hashmap_27,33,47,45,i8,11.332100257,0
sorted_first_fit,33,47,45,i8,1.012114808,1
preprocessed_map,33,47,45,i8,2.954853699,0
hashmap_27,33,47,45,i16,6.842892617,0
sorted_first_fit,33,47,45,i16,0.491039827,1
preprocessed_map,33,47,45,i16,1.293141395,0
hashmap_27,33,47,45,bf16,6.051966920,0
sorted_first_fit,33,47,45,bf16,0.521074980,1
preprocessed_map,33,47,45,bf16,1.122010872,0
hashmap_27,63,63,63,i8,5.459878594,0
sorted_first_fit,63,63,63,i8,0.590924174,1
preprocessed_map,63,63,63,i8,1.502921805,0
hashmap_27,63,63,63,i16,4.539033398,0
sorted_first_fit,63,63,63,i16,0.330852345,1
preprocessed_map,63,63,63,i16,0.681029633,0
hashmap_27,63,63,63,bf16,4.488043487,0
sorted_first_fit,63,63,63,bf16,0.301050022,1
preprocessed_map,63,63,63,bf16,0.742031261,0
hashmap_27,129,129,129,i8,5.871988833,0
sorted_first_fit,129,129,129,i8,4.288041964,0
preprocessed_map,129,129,129,i8,0.940868631,1
hashmap_27,129,129,129,i16,5.229841918,0
sorted_first_fit,129,129,129,i16,3.877095878,0
preprocessed_map,129,129,129,i16,0.641914085,1
hashmap_27,129,129,129,bf16,5.240086466,0
sorted_first_fit,129,129,129,bf16,4.027970135,0
preprocessed_map,129,129,129,bf16,0.650994480,1
hashmap_27,257,257,257,i8,5.309935659,0
sorted_first_fit,257,257,257,i8,9.407987818,0
preprocessed_map,257,257,257,i8,1.041917130,1
hashmap_27,257,257,257,i16,7.032882422,0
sorted_first_fit,257,257,257,i16,11.181924492,0
preprocessed_map,257,257,257,i16,0.791857019,1
hashmap_27,257,257,257,bf16,4.848930985,0
sorted_first_fit,257,257,257,bf16,10.329997167,0
preprocessed_map,257,257,257,bf16,0.830972567,1
hashmap_27,513,513,513,i8,3.898050636,0
sorted_first_fit,513,513,513,i8,15.330035239,0
preprocessed_map,513,513,513,i8,0.932021067,1
hashmap_27,513,513,513,i16,3.706896678,0
sorted_first_fit,513,513,513,i16,16.401056200,0
preprocessed_map,513,513,513,i16,0.701984391,1
hashmap_27,513,513,513,bf16,3.566965461,0
sorted_first_fit,513,513,513,bf16,13.906043023,0
preprocessed_map,513,513,513,bf16,0.781146809,1
hashmap_27,769,769,769,i8,3.758119419,0
sorted_first_fit,769,769,769,i8,12.533972040,0
preprocessed_map,769,769,769,i8,0.681029633,1
hashmap_27,769,769,769,i16,2.084067091,0
sorted_first_fit,769,769,769,i16,12.614065781,0
preprocessed_map,769,769,769,i16,0.620959327,1
hashmap_27,769,769,769,bf16,2.154149115,0
sorted_first_fit,769,769,769,bf16,11.571915820,0
preprocessed_map,769,769,769,bf16,0.600935891,1
hashmap_27,511,65,257,i8,5.210051313,0
sorted_first_fit,511,65,257,i8,5.770940334,0
preprocessed_map,511,65,257,i8,0.881962478,1
hashmap_27,511,65,257,i16,4.898989573,0
sorted_first_fit,511,65,257,i16,5.431007594,0
preprocessed_map,511,65,257,i16,0.701053068,1
hashmap_27,511,65,257,bf16,4.708999768,0
sorted_first_fit,511,65,257,bf16,4.668952897,0
preprocessed_map,511,65,257,bf16,0.761123374,1
hashmap_27,1023,129,513,i8,3.455905244,0
sorted_first_fit,1023,129,513,i8,11.121155694,0
preprocessed_map,1023,129,513,i8,0.701984391,1
hashmap_27,1023,129,513,i16,3.396999091,0
sorted_first_fit,1023,129,513,i16,10.008923709,0
preprocessed_map,1023,129,513,i16,0.671017915,1
hashmap_27,1023,129,513,bf16,3.296881914,0
sorted_first_fit,1023,129,513,bf16,8.756993338,0
preprocessed_map,1023,129,513,bf16,0.640982762,1
hashmap_27,1537,257,769,i8,1.873821020,0
sorted_first_fit,1537,257,769,i8,13.596145436,0
preprocessed_map,1537,257,769,i8,0.711064786,1
hashmap_27,1537,257,769,i16,2.023996785,0
sorted_first_fit,1537,257,769,i16,12.644100934,0
preprocessed_map,1537,257,769,i16,0.841915607,1
hashmap_27,1537,257,769,bf16,1.774169505,0
sorted_first_fit,1537,257,769,bf16,14.878110960,0
preprocessed_map,1537,257,769,bf16,0.672182068,1
hashmap_27,65,511,257,i8,4.779081792,0
sorted_first_fit,65,511,257,i8,6.162095815,0
preprocessed_map,65,511,257,i8,0.742031261,1
hashmap_27,65,511,257,i16,4.688976333,0
sorted_first_fit,65,511,257,i16,7.032882422,0
preprocessed_map,65,511,257,i16,0.722007826,1
hashmap_27,65,511,257,bf16,4.599103704,0
sorted_first_fit,65,511,257,bf16,6.453134120,0
preprocessed_map,65,511,257,bf16,0.701053068,1
hashmap_27,129,1023,513,i8,3.436813131,0
sorted_first_fit,129,1023,513,i8,11.211959645,0
preprocessed_map,129,1023,513,i8,0.601867214,1
hashmap_27,129,1023,513,i16,3.407010809,0
sorted_first_fit,129,1023,513,i16,12.644100934,0
preprocessed_map,129,1023,513,i16,0.661937520,1
hashmap_27,129,1023,513,bf16,3.425870091,0
sorted_first_fit,129,1023,513,bf16,13.204989955,0
preprocessed_map,129,1023,513,bf16,0.631902367,1
hashmap_27,257,1537,769,i8,1.932960004,0
sorted_first_fit,257,1537,769,i8,14.266930521,0
preprocessed_map,257,1537,769,i8,0.721076503,1
hashmap_27,257,1537,769,i16,1.843785867,0
sorted_first_fit,257,1537,769,i16,13.615936041,0
preprocessed_map,257,1537,769,i16,0.640982762,1
hashmap_27,257,1537,769,bf16,1.762993634,0
sorted_first_fit,257,1537,769,bf16,14.668097720,0
preprocessed_map,257,1537,769,bf16,0.671017915,1
hashmap_27,129,129,1023,i8,3.716908395,0
sorted_first_fit,129,129,1023,i8,5.810987204,0
preprocessed_map,129,129,1023,i8,0.711064786,1
hashmap_27,129,129,1023,i16,3.597000614,0
sorted_first_fit,129,129,1023,i16,7.364200428,0
preprocessed_map,129,129,1023,i16,0.732019544,1
hashmap_27,129,129,1023,bf16,3.455905244,0
sorted_first_fit,129,129,1023,bf16,6.381887943,0
preprocessed_map,129,129,1023,bf16,0.690808520,1
hashmap_27,257,257,1537,i8,2.413988113,0
sorted_first_fit,257,257,1537,i8,10.760035366,0
preprocessed_map,257,257,1537,i8,0.690808520,1
hashmap_27,257,257,1537,i16,2.264045179,0
sorted_first_fit,257,257,1537,i16,11.292053387,0
preprocessed_map,257,257,1537,i16,0.610947609,1
hashmap_27,257,257,1537,bf16,2.294080332,0
sorted_first_fit,257,257,1537,bf16,11.312076822,0
preprocessed_map,257,257,1537,bf16,0.720843673,1
hashmap_27,513,513,1900,i8,1.762993634,0
sorted_first_fit,513,513,1900,i8,12.944918126,0
preprocessed_map,513,513,1900,i8,0.640982762,1
hashmap_27,513,513,1900,i16,1.773005351,0
sorted_first_fit,513,513,1900,i16,11.823140085,0
preprocessed_map,513,513,1900,i16,0.671017915,1
hashmap_27,513,513,1900,bf16,1.783017069,0
sorted_first_fit,513,513,1900,bf16,12.513948604,0
preprocessed_map,513,513,1900,bf16,0.611878932,1
hashmap_27,512,512,33,i8,4.749046639,0
sorted_first_fit,512,512,33,i8,3.376975656,0
preprocessed_map,512,512,33,i8,0.801170245,1
hashmap_27,512,512,33,i16,4.789093509,0
sorted_first_fit,512,512,33,i16,4.017027095,0
preprocessed_map,512,512,33,i16,0.732019544,1
hashmap_27,512,512,33,bf16,4.688976333,0
sorted_first_fit,512,512,33,bf16,4.207948223,0
preprocessed_map,512,512,33,bf16,0.711064786,1
hashmap_27,1024,768,47,i8,3.376044333,0
sorted_first_fit,1024,768,47,i8,7.343944162,0
preprocessed_map,1024,768,47,i8,0.710831955,1
hashmap_27,1024,768,47,i16,3.417022526,0
sorted_first_fit,1024,768,47,i16,6.513204426,0
preprocessed_map,1024,768,47,i16,0.611878932,1
hashmap_27,1024,768,47,bf16,4.778848961,0
sorted_first_fit,1024,768,47,bf16,6.863148883,0
preprocessed_map,1024,768,47,bf16,0.630971044,1
hashmap_27,1536,1024,63,i8,1.762993634,0
sorted_first_fit,1536,1024,63,i8,13.355165720,0
preprocessed_map,1536,1024,63,i8,0.722007826,1
hashmap_27,1536,1024,63,i16,1.814216375,0
sorted_first_fit,1536,1024,63,i16,9.498093277,0
preprocessed_map,1536,1024,63,i16,0.770902261,1
hashmap_27,1536,1024,63,bf16,1.732958481,0
sorted_first_fit,1536,1024,63,bf16,10.048970580,0
preprocessed_map,1536,1024,63,bf16,0.640982762,1
